"i","N","p_hat"
0,1948964,0.362593771011386
1,892534,0.166050921831227
2,536659,0.0998423832134401
3,352075,0.0655015700284015
4,247596,0.0460638407519764
5,183576,0.0341532804644858
6,141108,0.0262523483450051
7,112399,0.0209112006521971
8,91242,0.0169750600086101
9,75438,0.0140348148542287
10,64010,0.0119086998438344
11,54539,0.0101466736569736
12,46949,0.00873459692185876
13,40838,0.00759767980350738
14,35656,0.00663359790082421
15,32214,0.00599323319433339
16,28653,0.00533072920833285
17,25782,0.00479659583461549
18,23135,0.00430413639879875
19,20821,0.00387362973673606
20,19295,0.00358972603478806
21,17605,0.00327531105687711
22,16312,0.00303475569212039
23,14884,0.00276908433800392
24,13831,0.00257317962099786
25,12704,0.00236350762093535
26,11910,0.00221578839462689
27,11049,0.00205560419582137
28,10532,0.00195941925879181
29,9702,0.00180500243532075
30,8934,0.00166212036251861
31,8711,0.00162063246898361
32,8262,0.00153709854881674
33,7553,0.00140519309358664
34,7252,0.00134919373953268
35,6792,0.0012636133313439
36,6603,0.00122845094624025
37,6033,0.00112240565783241
38,5928,0.00110287099944149
39,5635,0.00104836000031255
40,5292,0.000984546782902225
41,5209,0.000969105100555119
42,4814,0.000895617576132145
43,4595,0.000854873860059661
44,4380,0.000814874321449687
45,4249,0.000790502509552448
46,4040,0.000751619237136241
47,3923,0.000729852046357791
48,3675,0.000683713043682101
49,3609,0.000671434115550667
50,3406,0.000633667109328227
51,3258,0.000606132543215316
52,3111,0.000578784021468031
53,2978,0.000554040120839536
54,3031,0.000563900472217809
55,2907,0.000540830970879964
56,2776,0.000516459158982724
57,2569,0.000477947975297773
58,2524,0.000469575978844523
59,2477,0.000460831893660017
60,2427,0.000451529675378628
61,2246,0.0004178556452
62,2253,0.000419157955759394
63,2247,0.000418041689565627
64,2188,0.000407065071993588
65,2042,0.000379902594611932
66,1937,0.000360367936221015
67,1958,0.000364274867899198
68,1884,0.000350507584842742
69,1855,0.000345112298239537
70,1816,0.000337856567980053
71,1732,0.000322228841267319
72,1676,0.000311810356792164
73,1537,0.000285950189969902
74,1549,0.000288182722357435
75,1575,0.000293019875863757
76,1399,0.000260276067513268
77,1511,0.000281113036463579
78,1391,0.000258787712588245
79,1378,0.000256369135835084
80,1347,0.000250601760500623
81,1352,0.000251531982328762
82,1226,0.000228090392259661
83,1227,0.000228276436625289
84,1180,0.000219532351440783
85,1195,0.0002223230169252
86,1130,0.000210230133159394
87,1147,0.000213392887375067
88,1100,0.000204648802190561
89,1151,0.000214137064837578
90,1102,0.000205020890921816
91,1063,0.000197765160662333
92,1095,0.000203718580362422
93,1063,0.000197765160662333
94,974,0.00018120721212146
95,974,0.00018120721212146
96,950,0.000176742147346393
97,976,0.000181579300852716
98,895,0.000166509707236865
99,876,0.000162974864289937
100,865,0.000160928376268032
101,807,0.00015013780306162
102,823,0.000153114512911665
103,801,0.000149021536867854
104,825,0.000153486601642921
105,789,0.00014678900448032
106,787,0.000146416915749065
107,751,0.000139719318586465
108,770,0.000143254161533393
109,749,0.000139347229855209
110,789,0.00014678900448032
111,720,0.000133951943252003
112,692,0.000128742701014426
113,724,0.000134696120714515
114,658,0.000122417192583081
115,688,0.000127998523551914
116,613,0.000114045196129831
117,671,0.000124835769336242
118,687,0.000127812479186287
119,575,0.000106975510235975
120,627,0.00011664981724862
121,627,0.00011664981724862
122,618,0.00011497541795797
123,573,0.000106603421504719
124,592,0.000110138264451647
125,557,0.000103626711654675
126,586,0.000109021998257881
127,555,0.000103254622923419
128,591,0.000109952220086019
129,525,9.76732919545858e-05
130,529,9.8417469417097e-05
131,510,9.48826264701691e-05
132,534,9.93476912452359e-05
133,534,9.93476912452359e-05
134,492,9.1533827888869e-05
135,514,9.56268039326802e-05
136,473,8.79989849419411e-05
137,490,9.11617391576134e-05
138,511,9.50686708357969e-05
139,455,8.46501863606411e-05
140,453,8.42780976293855e-05
141,459,8.53943638231522e-05
142,430,7.99990772199465e-05
143,442,8.22316096074799e-05
144,478,8.89292067700801e-05
145,392,7.29293913260907e-05
146,422,7.85107222949242e-05
147,398,7.40456575198574e-05
148,409,7.60921455417631e-05
149,421,7.83246779292964e-05
150,406,7.55340124448797e-05
151,377,7.0138725841674e-05
152,377,7.0138725841674e-05
153,386,7.18131251323241e-05
154,396,7.36735687886019e-05
155,384,7.14410364010685e-05
156,353,6.56736610666072e-05
157,367,6.82782821853962e-05
158,374,6.95805927447907e-05
159,358,6.66038828947461e-05
160,374,6.95805927447907e-05
161,316,5.87900195383793e-05
162,330,6.13946406571682e-05
163,355,6.60457497978628e-05
164,371,6.90224596479073e-05
165,322,5.9906285732146e-05
166,329,6.12085962915405e-05
167,325,6.04644188290293e-05
168,314,5.84179308071237e-05
169,350,6.51155279697239e-05
170,310,5.76737533446126e-05
171,326,6.06504631946571e-05
172,297,5.52551765914514e-05
173,304,5.65574871508459e-05
174,320,5.95341970008904e-05
175,288,5.35807773008014e-05
176,287,5.33947329351736e-05
177,288,5.35807773008014e-05
178,244,4.53948252131789e-05
179,263,4.89296681601068e-05
180,240,4.46506477506678e-05
181,269,5.00459343538735e-05
182,273,5.07901118163846e-05
183,269,5.00459343538735e-05
184,250,4.65110914069456e-05
185,261,4.85575794288512e-05
186,234,4.35343815569011e-05
187,249,4.63250470413179e-05
188,280,5.20924223757791e-05
189,252,4.68831801382012e-05
190,266,4.94878012569901e-05
191,272,5.06040674507568e-05
192,240,4.46506477506678e-05
193,244,4.53948252131789e-05
194,262,4.8743623794479e-05
195,207,3.8511183684951e-05
196,244,4.53948252131789e-05
197,246,4.57669139444345e-05
198,189,3.51623851036509e-05
199,232,4.31622928256455e-05
200,223,4.14878935349955e-05
201,233,4.33483371912733e-05
202,224,4.16739379006233e-05
203,200,3.72088731255565e-05
204,240,4.46506477506678e-05
205,210,3.90693167818343e-05
206,237,4.40925146537845e-05
207,197,3.66507400286732e-05
208,203,3.77670062224399e-05
209,220,4.09297604381122e-05
210,217,4.03716273412288e-05
211,208,3.86972280505788e-05
212,190,3.53484294692787e-05
213,202,3.75809618568121e-05
214,193,3.5906562566162e-05
215,185,3.44182076411398e-05
216,207,3.8511183684951e-05
217,189,3.51623851036509e-05
218,183,3.40461189098842e-05
219,196,3.64646956630454e-05
220,166,3.08833646942119e-05
221,185,3.44182076411398e-05
222,181,3.36740301786286e-05
223,190,3.53484294692787e-05
224,185,3.44182076411398e-05
225,149,2.77206104785396e-05
226,143,2.66043442847729e-05
227,178,3.31158970817453e-05
228,177,3.29298527161175e-05
229,137,2.54880780910062e-05
230,177,3.29298527161175e-05
231,145,2.69764330160285e-05
232,179,3.33019414473731e-05
233,171,3.18135865223508e-05
234,179,3.33019414473731e-05
235,163,3.03252315973286e-05
236,180,3.34879858130009e-05
237,149,2.77206104785396e-05
238,138,2.5674122456634e-05
239,168,3.12554534254675e-05
240,138,2.5674122456634e-05
241,165,3.06973203285841e-05
242,164,3.05112759629563e-05
243,167,3.10694090598397e-05
244,141,2.62322555535173e-05
245,147,2.7348521747284e-05
246,144,2.67903886504007e-05
247,153,2.84647879410507e-05
248,150,2.79066548441674e-05
249,135,2.51159893597506e-05
250,138,2.5674122456634e-05
251,134,2.49299449941229e-05
252,138,2.5674122456634e-05
253,129,2.39997231659839e-05
254,125,2.32555457034728e-05
255,138,2.5674122456634e-05
256,140,2.60462111878896e-05
257,133,2.47439006284951e-05
258,130,2.41857675316117e-05
259,125,2.32555457034728e-05
260,126,2.34415900691006e-05
261,124,2.3069501337845e-05
262,132,2.45578562628673e-05
263,119,2.21392795097061e-05
264,118,2.19532351440783e-05
265,122,2.26974126065895e-05
266,137,2.54880780910062e-05
267,98,1.82323478315227e-05
268,114,2.12090576815672e-05
269,113,2.10230133159394e-05
270,119,2.21392795097061e-05
271,124,2.3069501337845e-05
272,106,1.97207027565449e-05
273,113,2.10230133159394e-05
274,124,2.3069501337845e-05
275,123,2.28834569722172e-05
276,102,1.89765252940338e-05
277,105,1.95346583909172e-05
278,100,1.86044365627783e-05
279,117,2.17671907784506e-05
280,102,1.89765252940338e-05
281,103,1.91625696596616e-05
282,91,1.69300372721282e-05
283,124,2.3069501337845e-05
284,111,2.06509245846839e-05
285,97,1.80463034658949e-05
286,117,2.17671907784506e-05
287,94,1.74881703690116e-05
288,103,1.91625696596616e-05
289,102,1.89765252940338e-05
290,100,1.86044365627783e-05
291,95,1.76742147346393e-05
292,78,1.4511460518967e-05
293,95,1.76742147346393e-05
294,97,1.80463034658949e-05
295,91,1.69300372721282e-05
296,118,2.19532351440783e-05
297,108,2.00927914878005e-05
298,95,1.76742147346393e-05
299,98,1.82323478315227e-05
300,88,1.63719041752449e-05
301,96,1.78602591002671e-05
302,96,1.78602591002671e-05
303,80,1.48835492502226e-05
304,98,1.82323478315227e-05
305,81,1.50695936158504e-05
306,96,1.78602591002671e-05
307,78,1.4511460518967e-05
308,84,1.56277267127337e-05
309,74,1.37672830564559e-05
310,87,1.61858598096171e-05
311,99,1.84183921971505e-05
312,86,1.59998154439893e-05
313,73,1.35812386908281e-05
314,83,1.54416823471059e-05
315,96,1.78602591002671e-05
316,95,1.76742147346393e-05
317,67,1.24649724970614e-05
318,71,1.32091499595726e-05
319,86,1.59998154439893e-05
320,95,1.76742147346393e-05
321,82,1.52556379814782e-05
322,75,1.39533274220837e-05
323,74,1.37672830564559e-05
324,74,1.37672830564559e-05
325,91,1.69300372721282e-05
326,78,1.4511460518967e-05
327,83,1.54416823471059e-05
328,73,1.35812386908281e-05
329,76,1.41393717877115e-05
330,79,1.46975048845948e-05
331,74,1.37672830564559e-05
332,81,1.50695936158504e-05
333,83,1.54416823471059e-05
334,75,1.39533274220837e-05
335,78,1.4511460518967e-05
336,70,1.30231055939448e-05
337,80,1.48835492502226e-05
338,66,1.22789281314336e-05
339,73,1.35812386908281e-05
340,83,1.54416823471059e-05
341,81,1.50695936158504e-05
342,92,1.7116081637756e-05
343,80,1.48835492502226e-05
344,64,1.19068394001781e-05
345,57,1.06045288407836e-05
346,68,1.26510168626892e-05
347,60,1.1162661937667e-05
348,67,1.24649724970614e-05
349,73,1.35812386908281e-05
350,73,1.35812386908281e-05
351,70,1.30231055939448e-05
352,69,1.2837061228317e-05
353,56,1.04184844751558e-05
354,64,1.19068394001781e-05
355,53,9.86035137827247e-06
356,63,1.17207950345503e-05
357,61,1.13487063032947e-05
358,47,8.74408518450578e-06
359,57,1.06045288407836e-05
360,66,1.22789281314336e-05
361,64,1.19068394001781e-05
362,66,1.22789281314336e-05
363,70,1.30231055939448e-05
364,67,1.24649724970614e-05
365,49,9.11617391576134e-06
366,55,1.0232440109528e-05
367,56,1.04184844751558e-05
368,50,9.30221828138913e-06
369,63,1.17207950345503e-05
370,66,1.22789281314336e-05
371,55,1.0232440109528e-05
372,53,9.86035137827247e-06
373,50,9.30221828138913e-06
374,47,8.74408518450578e-06
375,44,8.18595208762243e-06
376,63,1.17207950345503e-05
377,48,8.93012955013356e-06
378,62,1.15347506689225e-05
379,44,8.18595208762243e-06
380,48,8.93012955013356e-06
381,54,1.00463957439003e-05
382,61,1.13487063032947e-05
383,47,8.74408518450578e-06
384,51,9.48826264701691e-06
385,53,9.86035137827247e-06
386,41,7.62781899073908e-06
387,48,8.93012955013356e-06
388,46,8.558040818878e-06
389,57,1.06045288407836e-05
390,45,8.37199645325021e-06
391,63,1.17207950345503e-05
392,65,1.20928837658059e-05
393,57,1.06045288407836e-05
394,53,9.86035137827247e-06
395,53,9.86035137827247e-06
396,46,8.558040818878e-06
397,59,1.09766175720392e-05
398,44,8.18595208762243e-06
399,45,8.37199645325021e-06
400,48,8.93012955013356e-06
401,50,9.30221828138913e-06
402,58,1.07905732064114e-05
403,47,8.74408518450578e-06
404,44,8.18595208762243e-06
405,49,9.11617391576134e-06
406,50,9.30221828138913e-06
407,48,8.93012955013356e-06
408,43,7.99990772199465e-06
409,54,1.00463957439003e-05
410,46,8.558040818878e-06
411,35,6.51155279697239e-06
412,50,9.30221828138913e-06
413,32,5.95341970008904e-06
414,47,8.74408518450578e-06
415,35,6.51155279697239e-06
416,39,7.25573025948352e-06
417,27,5.02319787195013e-06
418,36,6.69759716260017e-06
419,41,7.62781899073908e-06
420,43,7.99990772199465e-06
421,43,7.99990772199465e-06
422,53,9.86035137827247e-06
423,52,9.67430701264469e-06
424,29,5.39528660320569e-06
425,33,6.13946406571682e-06
426,43,7.99990772199465e-06
427,36,6.69759716260017e-06
428,37,6.88364152822795e-06
429,49,9.11617391576134e-06
430,38,7.06968589385574e-06
431,45,8.37199645325021e-06
432,36,6.69759716260017e-06
433,36,6.69759716260017e-06
434,39,7.25573025948352e-06
435,36,6.69759716260017e-06
436,35,6.51155279697239e-06
437,34,6.32550843134461e-06
438,45,8.37199645325021e-06
439,40,7.4417746251113e-06
440,39,7.25573025948352e-06
441,42,7.81386335636687e-06
442,41,7.62781899073908e-06
443,34,6.32550843134461e-06
444,28,5.20924223757791e-06
445,32,5.95341970008904e-06
446,42,7.81386335636687e-06
447,36,6.69759716260017e-06
448,45,8.37199645325021e-06
449,44,8.18595208762243e-06
450,33,6.13946406571682e-06
451,34,6.32550843134461e-06
452,36,6.69759716260017e-06
453,41,7.62781899073908e-06
454,38,7.06968589385574e-06
455,32,5.95341970008904e-06
456,36,6.69759716260017e-06
457,50,9.30221828138913e-06
458,39,7.25573025948352e-06
459,37,6.88364152822795e-06
460,36,6.69759716260017e-06
461,35,6.51155279697239e-06
462,36,6.69759716260017e-06
463,41,7.62781899073908e-06
464,45,8.37199645325021e-06
465,35,6.51155279697239e-06
466,32,5.95341970008904e-06
467,36,6.69759716260017e-06
468,44,8.18595208762243e-06
469,32,5.95341970008904e-06
470,31,5.76737533446126e-06
471,34,6.32550843134461e-06
472,39,7.25573025948352e-06
473,39,7.25573025948352e-06
474,32,5.95341970008904e-06
475,31,5.76737533446126e-06
476,31,5.76737533446126e-06
477,38,7.06968589385574e-06
478,39,7.25573025948352e-06
479,29,5.39528660320569e-06
480,18,3.34879858130009e-06
481,38,7.06968589385574e-06
482,26,4.83715350632235e-06
483,24,4.46506477506678e-06
484,35,6.51155279697239e-06
485,33,6.13946406571682e-06
486,35,6.51155279697239e-06
487,29,5.39528660320569e-06
488,26,4.83715350632235e-06
489,29,5.39528660320569e-06
490,30,5.58133096883348e-06
491,31,5.76737533446126e-06
492,28,5.20924223757791e-06
493,33,6.13946406571682e-06
494,30,5.58133096883348e-06
495,29,5.39528660320569e-06
496,37,6.88364152822795e-06
497,34,6.32550843134461e-06
498,35,6.51155279697239e-06
499,23,4.279020409439e-06
500,29,5.39528660320569e-06
501,39,7.25573025948352e-06
502,30,5.58133096883348e-06
503,34,6.32550843134461e-06
504,30,5.58133096883348e-06
505,28,5.20924223757791e-06
506,36,6.69759716260017e-06
507,24,4.46506477506678e-06
508,20,3.72088731255565e-06
509,27,5.02319787195013e-06
510,25,4.65110914069456e-06
511,27,5.02319787195013e-06
512,30,5.58133096883348e-06
513,22,4.09297604381122e-06
514,33,6.13946406571682e-06
515,20,3.72088731255565e-06
516,22,4.09297604381122e-06
517,28,5.20924223757791e-06
518,23,4.279020409439e-06
519,23,4.279020409439e-06
520,19,3.53484294692787e-06
521,24,4.46506477506678e-06
522,31,5.76737533446126e-06
523,22,4.09297604381122e-06
524,22,4.09297604381122e-06
525,26,4.83715350632235e-06
526,27,5.02319787195013e-06
527,23,4.279020409439e-06
528,28,5.20924223757791e-06
529,25,4.65110914069456e-06
530,34,6.32550843134461e-06
531,30,5.58133096883348e-06
532,24,4.46506477506678e-06
533,33,6.13946406571682e-06
534,37,6.88364152822795e-06
535,33,6.13946406571682e-06
536,17,3.1627542156723e-06
537,30,5.58133096883348e-06
538,23,4.279020409439e-06
539,26,4.83715350632235e-06
540,18,3.34879858130009e-06
541,23,4.279020409439e-06
542,23,4.279020409439e-06
543,24,4.46506477506678e-06
544,30,5.58133096883348e-06
545,28,5.20924223757791e-06
546,32,5.95341970008904e-06
547,22,4.09297604381122e-06
548,40,7.4417746251113e-06
549,21,3.90693167818343e-06
550,27,5.02319787195013e-06
551,31,5.76737533446126e-06
552,26,4.83715350632235e-06
553,35,6.51155279697239e-06
554,27,5.02319787195013e-06
555,17,3.1627542156723e-06
556,22,4.09297604381122e-06
557,25,4.65110914069456e-06
558,21,3.90693167818343e-06
559,14,2.60462111878896e-06
560,32,5.95341970008904e-06
561,19,3.53484294692787e-06
562,22,4.09297604381122e-06
563,19,3.53484294692787e-06
564,21,3.90693167818343e-06
565,24,4.46506477506678e-06
566,24,4.46506477506678e-06
567,29,5.39528660320569e-06
568,16,2.97670985004452e-06
569,24,4.46506477506678e-06
570,26,4.83715350632235e-06
571,21,3.90693167818343e-06
572,24,4.46506477506678e-06
573,17,3.1627542156723e-06
574,22,4.09297604381122e-06
575,10,1.86044365627783e-06
576,27,5.02319787195013e-06
577,14,2.60462111878896e-06
578,19,3.53484294692787e-06
579,22,4.09297604381122e-06
580,16,2.97670985004452e-06
581,11,2.04648802190561e-06
582,24,4.46506477506678e-06
583,26,4.83715350632235e-06
584,27,5.02319787195013e-06
585,24,4.46506477506678e-06
586,17,3.1627542156723e-06
587,26,4.83715350632235e-06
588,16,2.97670985004452e-06
589,17,3.1627542156723e-06
590,21,3.90693167818343e-06
591,27,5.02319787195013e-06
592,21,3.90693167818343e-06
593,23,4.279020409439e-06
594,22,4.09297604381122e-06
595,19,3.53484294692787e-06
596,22,4.09297604381122e-06
597,14,2.60462111878896e-06
598,18,3.34879858130009e-06
599,22,4.09297604381122e-06
600,27,5.02319787195013e-06
601,16,2.97670985004452e-06
602,22,4.09297604381122e-06
603,20,3.72088731255565e-06
604,21,3.90693167818343e-06
605,13,2.41857675316117e-06
606,18,3.34879858130009e-06
607,28,5.20924223757791e-06
608,25,4.65110914069456e-06
609,19,3.53484294692787e-06
610,13,2.41857675316117e-06
611,14,2.60462111878896e-06
612,13,2.41857675316117e-06
613,17,3.1627542156723e-06
614,11,2.04648802190561e-06
615,17,3.1627542156723e-06
616,11,2.04648802190561e-06
617,17,3.1627542156723e-06
618,20,3.72088731255565e-06
619,19,3.53484294692787e-06
620,15,2.79066548441674e-06
621,20,3.72088731255565e-06
622,20,3.72088731255565e-06
623,14,2.60462111878896e-06
624,13,2.41857675316117e-06
625,16,2.97670985004452e-06
626,17,3.1627542156723e-06
627,24,4.46506477506678e-06
628,13,2.41857675316117e-06
629,19,3.53484294692787e-06
630,17,3.1627542156723e-06
631,13,2.41857675316117e-06
632,12,2.23253238753339e-06
633,10,1.86044365627783e-06
634,15,2.79066548441674e-06
635,15,2.79066548441674e-06
636,20,3.72088731255565e-06
637,16,2.97670985004452e-06
638,15,2.79066548441674e-06
639,13,2.41857675316117e-06
640,16,2.97670985004452e-06
641,19,3.53484294692787e-06
642,15,2.79066548441674e-06
643,13,2.41857675316117e-06
644,17,3.1627542156723e-06
645,8,1.48835492502226e-06
646,14,2.60462111878896e-06
647,11,2.04648802190561e-06
648,20,3.72088731255565e-06
649,15,2.79066548441674e-06
650,21,3.90693167818343e-06
651,24,4.46506477506678e-06
652,14,2.60462111878896e-06
653,18,3.34879858130009e-06
654,16,2.97670985004452e-06
655,20,3.72088731255565e-06
656,17,3.1627542156723e-06
657,15,2.79066548441674e-06
658,17,3.1627542156723e-06
659,18,3.34879858130009e-06
660,13,2.41857675316117e-06
661,19,3.53484294692787e-06
662,20,3.72088731255565e-06
663,13,2.41857675316117e-06
664,18,3.34879858130009e-06
665,24,4.46506477506678e-06
666,17,3.1627542156723e-06
667,12,2.23253238753339e-06
668,12,2.23253238753339e-06
669,13,2.41857675316117e-06
670,14,2.60462111878896e-06
671,15,2.79066548441674e-06
672,14,2.60462111878896e-06
673,8,1.48835492502226e-06
674,23,4.279020409439e-06
675,19,3.53484294692787e-06
676,10,1.86044365627783e-06
677,15,2.79066548441674e-06
678,13,2.41857675316117e-06
679,20,3.72088731255565e-06
680,14,2.60462111878896e-06
681,9,1.67439929065004e-06
682,14,2.60462111878896e-06
683,13,2.41857675316117e-06
684,15,2.79066548441674e-06
685,18,3.34879858130009e-06
686,8,1.48835492502226e-06
687,12,2.23253238753339e-06
688,13,2.41857675316117e-06
689,15,2.79066548441674e-06
690,10,1.86044365627783e-06
691,18,3.34879858130009e-06
692,11,2.04648802190561e-06
693,11,2.04648802190561e-06
694,8,1.48835492502226e-06
695,18,3.34879858130009e-06
696,16,2.97670985004452e-06
697,9,1.67439929065004e-06
698,11,2.04648802190561e-06
699,14,2.60462111878896e-06
700,18,3.34879858130009e-06
701,10,1.86044365627783e-06
702,9,1.67439929065004e-06
703,21,3.90693167818343e-06
704,11,2.04648802190561e-06
705,22,4.09297604381122e-06
706,17,3.1627542156723e-06
707,14,2.60462111878896e-06
708,17,3.1627542156723e-06
709,11,2.04648802190561e-06
710,14,2.60462111878896e-06
711,19,3.53484294692787e-06
712,13,2.41857675316117e-06
713,21,3.90693167818343e-06
714,5,9.30221828138913e-07
715,13,2.41857675316117e-06
716,12,2.23253238753339e-06
717,13,2.41857675316117e-06
718,10,1.86044365627783e-06
719,13,2.41857675316117e-06
720,10,1.86044365627783e-06
721,4,7.4417746251113e-07
722,14,2.60462111878896e-06
723,9,1.67439929065004e-06
724,14,2.60462111878896e-06
725,12,2.23253238753339e-06
726,14,2.60462111878896e-06
727,15,2.79066548441674e-06
728,17,3.1627542156723e-06
729,9,1.67439929065004e-06
730,11,2.04648802190561e-06
731,13,2.41857675316117e-06
732,5,9.30221828138913e-07
733,13,2.41857675316117e-06
734,13,2.41857675316117e-06
735,17,3.1627542156723e-06
736,10,1.86044365627783e-06
737,13,2.41857675316117e-06
738,12,2.23253238753339e-06
739,18,3.34879858130009e-06
740,10,1.86044365627783e-06
741,13,2.41857675316117e-06
742,12,2.23253238753339e-06
743,17,3.1627542156723e-06
744,9,1.67439929065004e-06
745,14,2.60462111878896e-06
746,11,2.04648802190561e-06
747,5,9.30221828138913e-07
748,8,1.48835492502226e-06
749,9,1.67439929065004e-06
750,8,1.48835492502226e-06
751,9,1.67439929065004e-06
752,12,2.23253238753339e-06
753,13,2.41857675316117e-06
754,15,2.79066548441674e-06
755,9,1.67439929065004e-06
756,3,5.58133096883348e-07
757,6,1.1162661937667e-06
758,10,1.86044365627783e-06
759,9,1.67439929065004e-06
760,15,2.79066548441674e-06
761,9,1.67439929065004e-06
762,4,7.4417746251113e-07
763,10,1.86044365627783e-06
764,7,1.30231055939448e-06
765,7,1.30231055939448e-06
766,14,2.60462111878896e-06
767,10,1.86044365627783e-06
768,12,2.23253238753339e-06
769,8,1.48835492502226e-06
770,10,1.86044365627783e-06
771,12,2.23253238753339e-06
772,4,7.4417746251113e-07
773,11,2.04648802190561e-06
774,10,1.86044365627783e-06
775,10,1.86044365627783e-06
776,12,2.23253238753339e-06
777,7,1.30231055939448e-06
778,10,1.86044365627783e-06
779,7,1.30231055939448e-06
780,10,1.86044365627783e-06
781,14,2.60462111878896e-06
782,11,2.04648802190561e-06
783,10,1.86044365627783e-06
784,5,9.30221828138913e-07
785,4,7.4417746251113e-07
786,9,1.67439929065004e-06
787,8,1.48835492502226e-06
788,10,1.86044365627783e-06
789,11,2.04648802190561e-06
790,13,2.41857675316117e-06
791,13,2.41857675316117e-06
792,8,1.48835492502226e-06
793,10,1.86044365627783e-06
794,13,2.41857675316117e-06
795,7,1.30231055939448e-06
796,10,1.86044365627783e-06
797,6,1.1162661937667e-06
798,6,1.1162661937667e-06
799,8,1.48835492502226e-06
800,15,2.79066548441674e-06
801,11,2.04648802190561e-06
802,9,1.67439929065004e-06
803,6,1.1162661937667e-06
804,9,1.67439929065004e-06
805,12,2.23253238753339e-06
806,8,1.48835492502226e-06
807,7,1.30231055939448e-06
808,10,1.86044365627783e-06
809,6,1.1162661937667e-06
810,4,7.4417746251113e-07
811,13,2.41857675316117e-06
812,5,9.30221828138913e-07
813,5,9.30221828138913e-07
814,7,1.30231055939448e-06
815,10,1.86044365627783e-06
816,9,1.67439929065004e-06
817,10,1.86044365627783e-06
818,9,1.67439929065004e-06
819,8,1.48835492502226e-06
820,10,1.86044365627783e-06
821,6,1.1162661937667e-06
822,9,1.67439929065004e-06
823,7,1.30231055939448e-06
824,6,1.1162661937667e-06
825,7,1.30231055939448e-06
826,8,1.48835492502226e-06
827,6,1.1162661937667e-06
828,4,7.4417746251113e-07
829,8,1.48835492502226e-06
830,13,2.41857675316117e-06
831,8,1.48835492502226e-06
832,10,1.86044365627783e-06
833,3,5.58133096883348e-07
834,10,1.86044365627783e-06
835,8,1.48835492502226e-06
836,2,3.72088731255565e-07
837,8,1.48835492502226e-06
838,6,1.1162661937667e-06
839,6,1.1162661937667e-06
840,10,1.86044365627783e-06
841,4,7.4417746251113e-07
842,11,2.04648802190561e-06
843,8,1.48835492502226e-06
844,5,9.30221828138913e-07
845,9,1.67439929065004e-06
846,9,1.67439929065004e-06
847,18,3.34879858130009e-06
848,8,1.48835492502226e-06
849,6,1.1162661937667e-06
850,4,7.4417746251113e-07
851,8,1.48835492502226e-06
852,6,1.1162661937667e-06
853,7,1.30231055939448e-06
854,6,1.1162661937667e-06
855,8,1.48835492502226e-06
856,10,1.86044365627783e-06
857,3,5.58133096883348e-07
858,14,2.60462111878896e-06
859,10,1.86044365627783e-06
860,6,1.1162661937667e-06
861,6,1.1162661937667e-06
862,7,1.30231055939448e-06
863,7,1.30231055939448e-06
864,6,1.1162661937667e-06
865,6,1.1162661937667e-06
866,4,7.4417746251113e-07
867,5,9.30221828138913e-07
868,9,1.67439929065004e-06
869,4,7.4417746251113e-07
870,6,1.1162661937667e-06
871,9,1.67439929065004e-06
872,5,9.30221828138913e-07
873,4,7.4417746251113e-07
874,5,9.30221828138913e-07
875,7,1.30231055939448e-06
876,8,1.48835492502226e-06
877,5,9.30221828138913e-07
878,3,5.58133096883348e-07
879,6,1.1162661937667e-06
880,8,1.48835492502226e-06
881,8,1.48835492502226e-06
882,4,7.4417746251113e-07
883,10,1.86044365627783e-06
884,7,1.30231055939448e-06
885,8,1.48835492502226e-06
886,5,9.30221828138913e-07
887,8,1.48835492502226e-06
888,5,9.30221828138913e-07
889,4,7.4417746251113e-07
890,11,2.04648802190561e-06
891,5,9.30221828138913e-07
892,4,7.4417746251113e-07
893,3,5.58133096883348e-07
894,8,1.48835492502226e-06
895,6,1.1162661937667e-06
896,6,1.1162661937667e-06
897,9,1.67439929065004e-06
898,7,1.30231055939448e-06
899,5,9.30221828138913e-07
900,4,7.4417746251113e-07
901,4,7.4417746251113e-07
902,8,1.48835492502226e-06
903,8,1.48835492502226e-06
904,3,5.58133096883348e-07
905,6,1.1162661937667e-06
906,4,7.4417746251113e-07
907,10,1.86044365627783e-06
908,5,9.30221828138913e-07
909,7,1.30231055939448e-06
910,5,9.30221828138913e-07
911,8,1.48835492502226e-06
912,10,1.86044365627783e-06
913,7,1.30231055939448e-06
914,6,1.1162661937667e-06
915,5,9.30221828138913e-07
916,4,7.4417746251113e-07
917,9,1.67439929065004e-06
918,9,1.67439929065004e-06
919,7,1.30231055939448e-06
920,6,1.1162661937667e-06
921,9,1.67439929065004e-06
922,8,1.48835492502226e-06
923,6,1.1162661937667e-06
924,6,1.1162661937667e-06
925,4,7.4417746251113e-07
926,10,1.86044365627783e-06
927,8,1.48835492502226e-06
928,5,9.30221828138913e-07
929,10,1.86044365627783e-06
930,9,1.67439929065004e-06
931,7,1.30231055939448e-06
932,7,1.30231055939448e-06
933,7,1.30231055939448e-06
934,5,9.30221828138913e-07
935,3,5.58133096883348e-07
936,8,1.48835492502226e-06
937,7,1.30231055939448e-06
938,8,1.48835492502226e-06
939,11,2.04648802190561e-06
940,10,1.86044365627783e-06
941,2,3.72088731255565e-07
942,7,1.30231055939448e-06
943,7,1.30231055939448e-06
944,5,9.30221828138913e-07
945,3,5.58133096883348e-07
946,9,1.67439929065004e-06
947,6,1.1162661937667e-06
948,6,1.1162661937667e-06
949,7,1.30231055939448e-06
950,7,1.30231055939448e-06
951,3,5.58133096883348e-07
952,2,3.72088731255565e-07
953,4,7.4417746251113e-07
954,5,9.30221828138913e-07
955,5,9.30221828138913e-07
956,4,7.4417746251113e-07
957,10,1.86044365627783e-06
958,2,3.72088731255565e-07
959,7,1.30231055939448e-06
960,4,7.4417746251113e-07
961,5,9.30221828138913e-07
962,6,1.1162661937667e-06
963,5,9.30221828138913e-07
964,4,7.4417746251113e-07
965,4,7.4417746251113e-07
966,4,7.4417746251113e-07
967,6,1.1162661937667e-06
968,8,1.48835492502226e-06
969,4,7.4417746251113e-07
970,3,5.58133096883348e-07
971,6,1.1162661937667e-06
972,6,1.1162661937667e-06
973,6,1.1162661937667e-06
974,3,5.58133096883348e-07
975,5,9.30221828138913e-07
976,1,1.86044365627783e-07
977,8,1.48835492502226e-06
978,6,1.1162661937667e-06
979,8,1.48835492502226e-06
980,3,5.58133096883348e-07
981,5,9.30221828138913e-07
982,6,1.1162661937667e-06
983,8,1.48835492502226e-06
984,4,7.4417746251113e-07
985,3,5.58133096883348e-07
986,3,5.58133096883348e-07
987,9,1.67439929065004e-06
988,6,1.1162661937667e-06
989,9,1.67439929065004e-06
990,2,3.72088731255565e-07
991,2,3.72088731255565e-07
992,2,3.72088731255565e-07
993,6,1.1162661937667e-06
994,2,3.72088731255565e-07
995,1,1.86044365627783e-07
996,2,3.72088731255565e-07
997,7,1.30231055939448e-06
998,7,1.30231055939448e-06
999,9,1.67439929065004e-06
1000,6,1.1162661937667e-06
1001,9,1.67439929065004e-06
1002,5,9.30221828138913e-07
1003,12,2.23253238753339e-06
1004,1,1.86044365627783e-07
1005,4,7.4417746251113e-07
1006,3,5.58133096883348e-07
1007,9,1.67439929065004e-06
1008,4,7.4417746251113e-07
1009,9,1.67439929065004e-06
1010,5,9.30221828138913e-07
1011,8,1.48835492502226e-06
1012,2,3.72088731255565e-07
1013,4,7.4417746251113e-07
1014,7,1.30231055939448e-06
1015,4,7.4417746251113e-07
1016,3,5.58133096883348e-07
1017,7,1.30231055939448e-06
1018,8,1.48835492502226e-06
1019,7,1.30231055939448e-06
1020,5,9.30221828138913e-07
1021,3,5.58133096883348e-07
1022,6,1.1162661937667e-06
1023,6,1.1162661937667e-06
1024,5,9.30221828138913e-07
1025,4,7.4417746251113e-07
1026,9,1.67439929065004e-06
1027,5,9.30221828138913e-07
1028,7,1.30231055939448e-06
1029,3,5.58133096883348e-07
1030,1,1.86044365627783e-07
1031,5,9.30221828138913e-07
1032,3,5.58133096883348e-07
1033,4,7.4417746251113e-07
1034,6,1.1162661937667e-06
1035,4,7.4417746251113e-07
1036,4,7.4417746251113e-07
1037,3,5.58133096883348e-07
1038,2,3.72088731255565e-07
1039,3,5.58133096883348e-07
1040,4,7.4417746251113e-07
1041,2,3.72088731255565e-07
1042,4,7.4417746251113e-07
1043,6,1.1162661937667e-06
1044,6,1.1162661937667e-06
1045,9,1.67439929065004e-06
1046,4,7.4417746251113e-07
1047,3,5.58133096883348e-07
1048,6,1.1162661937667e-06
1049,6,1.1162661937667e-06
1050,4,7.4417746251113e-07
1051,4,7.4417746251113e-07
1052,5,9.30221828138913e-07
1053,4,7.4417746251113e-07
1054,5,9.30221828138913e-07
1055,10,1.86044365627783e-06
1056,2,3.72088731255565e-07
1057,7,1.30231055939448e-06
1058,4,7.4417746251113e-07
1059,2,3.72088731255565e-07
1060,2,3.72088731255565e-07
1061,7,1.30231055939448e-06
1062,5,9.30221828138913e-07
1063,5,9.30221828138913e-07
1064,5,9.30221828138913e-07
1065,1,1.86044365627783e-07
1066,3,5.58133096883348e-07
1067,5,9.30221828138913e-07
1068,9,1.67439929065004e-06
1069,2,3.72088731255565e-07
1070,1,1.86044365627783e-07
1071,3,5.58133096883348e-07
1072,3,5.58133096883348e-07
1073,3,5.58133096883348e-07
1074,6,1.1162661937667e-06
1075,3,5.58133096883348e-07
1076,5,9.30221828138913e-07
1077,6,1.1162661937667e-06
1078,6,1.1162661937667e-06
1079,5,9.30221828138913e-07
1080,6,1.1162661937667e-06
1081,4,7.4417746251113e-07
1082,4,7.4417746251113e-07
1083,3,5.58133096883348e-07
1084,1,1.86044365627783e-07
1085,6,1.1162661937667e-06
1086,8,1.48835492502226e-06
1087,11,2.04648802190561e-06
1088,2,3.72088731255565e-07
1089,5,9.30221828138913e-07
1090,2,3.72088731255565e-07
1091,3,5.58133096883348e-07
1092,3,5.58133096883348e-07
1093,7,1.30231055939448e-06
1094,4,7.4417746251113e-07
1096,3,5.58133096883348e-07
1097,4,7.4417746251113e-07
1098,4,7.4417746251113e-07
1099,4,7.4417746251113e-07
1100,3,5.58133096883348e-07
1101,5,9.30221828138913e-07
1102,3,5.58133096883348e-07
1103,5,9.30221828138913e-07
1104,6,1.1162661937667e-06
1105,4,7.4417746251113e-07
1106,1,1.86044365627783e-07
1107,5,9.30221828138913e-07
1108,2,3.72088731255565e-07
1109,2,3.72088731255565e-07
1110,9,1.67439929065004e-06
1111,2,3.72088731255565e-07
1112,2,3.72088731255565e-07
1113,6,1.1162661937667e-06
1114,1,1.86044365627783e-07
1115,4,7.4417746251113e-07
1116,6,1.1162661937667e-06
1117,5,9.30221828138913e-07
1118,3,5.58133096883348e-07
1119,2,3.72088731255565e-07
1120,3,5.58133096883348e-07
1121,1,1.86044365627783e-07
1122,3,5.58133096883348e-07
1123,1,1.86044365627783e-07
1124,8,1.48835492502226e-06
1125,4,7.4417746251113e-07
1126,5,9.30221828138913e-07
1127,3,5.58133096883348e-07
1128,4,7.4417746251113e-07
1129,3,5.58133096883348e-07
1130,5,9.30221828138913e-07
1131,4,7.4417746251113e-07
1132,4,7.4417746251113e-07
1133,3,5.58133096883348e-07
1134,5,9.30221828138913e-07
1135,8,1.48835492502226e-06
1136,6,1.1162661937667e-06
1137,2,3.72088731255565e-07
1138,6,1.1162661937667e-06
1139,4,7.4417746251113e-07
1140,1,1.86044365627783e-07
1141,4,7.4417746251113e-07
1142,1,1.86044365627783e-07
1143,3,5.58133096883348e-07
1144,1,1.86044365627783e-07
1145,3,5.58133096883348e-07
1146,4,7.4417746251113e-07
1147,6,1.1162661937667e-06
1148,4,7.4417746251113e-07
1149,4,7.4417746251113e-07
1150,5,9.30221828138913e-07
1151,6,1.1162661937667e-06
1152,5,9.30221828138913e-07
1153,1,1.86044365627783e-07
1154,3,5.58133096883348e-07
1155,4,7.4417746251113e-07
1157,4,7.4417746251113e-07
1158,4,7.4417746251113e-07
1159,3,5.58133096883348e-07
1160,4,7.4417746251113e-07
1162,6,1.1162661937667e-06
1163,5,9.30221828138913e-07
1164,2,3.72088731255565e-07
1165,2,3.72088731255565e-07
1166,5,9.30221828138913e-07
1167,1,1.86044365627783e-07
1168,2,3.72088731255565e-07
1169,2,3.72088731255565e-07
1170,4,7.4417746251113e-07
1171,4,7.4417746251113e-07
1172,1,1.86044365627783e-07
1173,3,5.58133096883348e-07
1174,7,1.30231055939448e-06
1175,5,9.30221828138913e-07
1176,4,7.4417746251113e-07
1177,4,7.4417746251113e-07
1178,3,5.58133096883348e-07
1179,2,3.72088731255565e-07
1180,2,3.72088731255565e-07
1181,2,3.72088731255565e-07
1182,1,1.86044365627783e-07
1183,1,1.86044365627783e-07
1184,4,7.4417746251113e-07
1185,4,7.4417746251113e-07
1186,7,1.30231055939448e-06
1187,1,1.86044365627783e-07
1188,1,1.86044365627783e-07
1189,4,7.4417746251113e-07
1190,4,7.4417746251113e-07
1191,2,3.72088731255565e-07
1192,2,3.72088731255565e-07
1193,2,3.72088731255565e-07
1194,6,1.1162661937667e-06
1195,3,5.58133096883348e-07
1196,1,1.86044365627783e-07
1197,7,1.30231055939448e-06
1198,6,1.1162661937667e-06
1199,5,9.30221828138913e-07
1200,2,3.72088731255565e-07
1202,4,7.4417746251113e-07
1203,4,7.4417746251113e-07
1204,2,3.72088731255565e-07
1205,4,7.4417746251113e-07
1206,4,7.4417746251113e-07
1208,6,1.1162661937667e-06
1209,3,5.58133096883348e-07
1210,1,1.86044365627783e-07
1211,3,5.58133096883348e-07
1212,3,5.58133096883348e-07
1213,3,5.58133096883348e-07
1214,2,3.72088731255565e-07
1215,5,9.30221828138913e-07
1216,2,3.72088731255565e-07
1217,4,7.4417746251113e-07
1218,4,7.4417746251113e-07
1219,4,7.4417746251113e-07
1220,6,1.1162661937667e-06
1221,5,9.30221828138913e-07
1222,2,3.72088731255565e-07
1223,5,9.30221828138913e-07
1224,1,1.86044365627783e-07
1225,3,5.58133096883348e-07
1226,5,9.30221828138913e-07
1227,2,3.72088731255565e-07
1228,3,5.58133096883348e-07
1229,2,3.72088731255565e-07
1230,5,9.30221828138913e-07
1231,5,9.30221828138913e-07
1232,1,1.86044365627783e-07
1233,6,1.1162661937667e-06
1234,5,9.30221828138913e-07
1235,3,5.58133096883348e-07
1236,7,1.30231055939448e-06
1237,2,3.72088731255565e-07
1238,2,3.72088731255565e-07
1239,1,1.86044365627783e-07
1240,2,3.72088731255565e-07
1241,1,1.86044365627783e-07
1242,5,9.30221828138913e-07
1243,4,7.4417746251113e-07
1245,4,7.4417746251113e-07
1246,5,9.30221828138913e-07
1247,1,1.86044365627783e-07
1248,4,7.4417746251113e-07
1249,2,3.72088731255565e-07
1250,6,1.1162661937667e-06
1251,1,1.86044365627783e-07
1252,1,1.86044365627783e-07
1253,4,7.4417746251113e-07
1254,4,7.4417746251113e-07
1255,2,3.72088731255565e-07
1256,1,1.86044365627783e-07
1257,1,1.86044365627783e-07
1258,4,7.4417746251113e-07
1259,6,1.1162661937667e-06
1260,7,1.30231055939448e-06
1261,4,7.4417746251113e-07
1262,1,1.86044365627783e-07
1264,3,5.58133096883348e-07
1265,2,3.72088731255565e-07
1266,4,7.4417746251113e-07
1267,3,5.58133096883348e-07
1268,4,7.4417746251113e-07
1269,5,9.30221828138913e-07
1270,5,9.30221828138913e-07
1271,4,7.4417746251113e-07
1272,3,5.58133096883348e-07
1273,4,7.4417746251113e-07
1274,1,1.86044365627783e-07
1275,3,5.58133096883348e-07
1276,3,5.58133096883348e-07
1277,3,5.58133096883348e-07
1279,2,3.72088731255565e-07
1280,3,5.58133096883348e-07
1281,4,7.4417746251113e-07
1282,2,3.72088731255565e-07
1283,1,1.86044365627783e-07
1284,2,3.72088731255565e-07
1285,1,1.86044365627783e-07
1286,1,1.86044365627783e-07
1287,5,9.30221828138913e-07
1288,3,5.58133096883348e-07
1289,2,3.72088731255565e-07
1290,8,1.48835492502226e-06
1291,2,3.72088731255565e-07
1293,3,5.58133096883348e-07
1295,6,1.1162661937667e-06
1296,4,7.4417746251113e-07
1297,2,3.72088731255565e-07
1298,1,1.86044365627783e-07
1299,1,1.86044365627783e-07
1300,2,3.72088731255565e-07
1301,3,5.58133096883348e-07
1302,2,3.72088731255565e-07
1303,1,1.86044365627783e-07
1304,2,3.72088731255565e-07
1305,3,5.58133096883348e-07
1306,3,5.58133096883348e-07
1307,2,3.72088731255565e-07
1308,3,5.58133096883348e-07
1309,3,5.58133096883348e-07
1310,4,7.4417746251113e-07
1311,3,5.58133096883348e-07
1312,2,3.72088731255565e-07
1313,4,7.4417746251113e-07
1314,2,3.72088731255565e-07
1315,2,3.72088731255565e-07
1316,4,7.4417746251113e-07
1318,1,1.86044365627783e-07
1319,4,7.4417746251113e-07
1320,1,1.86044365627783e-07
1321,1,1.86044365627783e-07
1322,1,1.86044365627783e-07
1323,4,7.4417746251113e-07
1324,6,1.1162661937667e-06
1325,2,3.72088731255565e-07
1326,3,5.58133096883348e-07
1327,1,1.86044365627783e-07
1328,2,3.72088731255565e-07
1329,3,5.58133096883348e-07
1330,4,7.4417746251113e-07
1332,2,3.72088731255565e-07
1333,4,7.4417746251113e-07
1334,2,3.72088731255565e-07
1335,2,3.72088731255565e-07
1336,2,3.72088731255565e-07
1337,2,3.72088731255565e-07
1338,1,1.86044365627783e-07
1339,3,5.58133096883348e-07
1340,1,1.86044365627783e-07
1341,2,3.72088731255565e-07
1342,1,1.86044365627783e-07
1343,4,7.4417746251113e-07
1344,4,7.4417746251113e-07
1345,2,3.72088731255565e-07
1346,2,3.72088731255565e-07
1347,3,5.58133096883348e-07
1348,1,1.86044365627783e-07
1349,3,5.58133096883348e-07
1350,1,1.86044365627783e-07
1351,3,5.58133096883348e-07
1352,1,1.86044365627783e-07
1353,1,1.86044365627783e-07
1354,6,1.1162661937667e-06
1355,1,1.86044365627783e-07
1358,2,3.72088731255565e-07
1359,4,7.4417746251113e-07
1360,5,9.30221828138913e-07
1362,2,3.72088731255565e-07
1363,2,3.72088731255565e-07
1364,5,9.30221828138913e-07
1365,2,3.72088731255565e-07
1366,3,5.58133096883348e-07
1367,2,3.72088731255565e-07
1368,2,3.72088731255565e-07
1369,1,1.86044365627783e-07
1370,3,5.58133096883348e-07
1371,2,3.72088731255565e-07
1372,6,1.1162661937667e-06
1374,4,7.4417746251113e-07
1375,2,3.72088731255565e-07
1376,2,3.72088731255565e-07
1377,3,5.58133096883348e-07
1378,3,5.58133096883348e-07
1379,2,3.72088731255565e-07
1380,2,3.72088731255565e-07
1381,2,3.72088731255565e-07
1382,3,5.58133096883348e-07
1384,3,5.58133096883348e-07
1385,3,5.58133096883348e-07
1387,3,5.58133096883348e-07
1388,5,9.30221828138913e-07
1389,1,1.86044365627783e-07
1390,1,1.86044365627783e-07
1391,2,3.72088731255565e-07
1393,1,1.86044365627783e-07
1394,3,5.58133096883348e-07
1395,3,5.58133096883348e-07
1396,2,3.72088731255565e-07
1397,4,7.4417746251113e-07
1398,1,1.86044365627783e-07
1399,2,3.72088731255565e-07
1400,1,1.86044365627783e-07
1401,2,3.72088731255565e-07
1402,2,3.72088731255565e-07
1403,1,1.86044365627783e-07
1404,3,5.58133096883348e-07
1405,2,3.72088731255565e-07
1406,1,1.86044365627783e-07
1407,1,1.86044365627783e-07
1408,2,3.72088731255565e-07
1409,5,9.30221828138913e-07
1410,2,3.72088731255565e-07
1411,3,5.58133096883348e-07
1412,2,3.72088731255565e-07
1414,1,1.86044365627783e-07
1415,2,3.72088731255565e-07
1416,5,9.30221828138913e-07
1417,3,5.58133096883348e-07
1418,2,3.72088731255565e-07
1419,5,9.30221828138913e-07
1420,3,5.58133096883348e-07
1421,4,7.4417746251113e-07
1422,3,5.58133096883348e-07
1423,5,9.30221828138913e-07
1424,5,9.30221828138913e-07
1425,3,5.58133096883348e-07
1426,1,1.86044365627783e-07
1428,2,3.72088731255565e-07
1430,3,5.58133096883348e-07
1431,3,5.58133096883348e-07
1433,2,3.72088731255565e-07
1435,1,1.86044365627783e-07
1436,2,3.72088731255565e-07
1437,3,5.58133096883348e-07
1439,2,3.72088731255565e-07
1440,3,5.58133096883348e-07
1441,2,3.72088731255565e-07
1442,3,5.58133096883348e-07
1443,2,3.72088731255565e-07
1444,2,3.72088731255565e-07
1445,2,3.72088731255565e-07
1447,2,3.72088731255565e-07
1449,2,3.72088731255565e-07
1450,2,3.72088731255565e-07
1451,2,3.72088731255565e-07
1452,4,7.4417746251113e-07
1453,2,3.72088731255565e-07
1454,1,1.86044365627783e-07
1457,3,5.58133096883348e-07
1458,1,1.86044365627783e-07
1459,8,1.48835492502226e-06
1460,2,3.72088731255565e-07
1461,2,3.72088731255565e-07
1463,1,1.86044365627783e-07
1464,2,3.72088731255565e-07
1465,2,3.72088731255565e-07
1466,2,3.72088731255565e-07
1467,1,1.86044365627783e-07
1468,5,9.30221828138913e-07
1469,2,3.72088731255565e-07
1472,1,1.86044365627783e-07
1473,1,1.86044365627783e-07
1474,2,3.72088731255565e-07
1475,2,3.72088731255565e-07
1476,2,3.72088731255565e-07
1477,2,3.72088731255565e-07
1478,3,5.58133096883348e-07
1479,1,1.86044365627783e-07
1480,2,3.72088731255565e-07
1481,2,3.72088731255565e-07
1482,2,3.72088731255565e-07
1483,1,1.86044365627783e-07
1484,2,3.72088731255565e-07
1485,3,5.58133096883348e-07
1486,4,7.4417746251113e-07
1487,2,3.72088731255565e-07
1488,2,3.72088731255565e-07
1489,1,1.86044365627783e-07
1491,1,1.86044365627783e-07
1492,2,3.72088731255565e-07
1493,2,3.72088731255565e-07
1494,4,7.4417746251113e-07
1495,5,9.30221828138913e-07
1496,1,1.86044365627783e-07
1497,1,1.86044365627783e-07
1499,2,3.72088731255565e-07
1500,1,1.86044365627783e-07
1501,4,7.4417746251113e-07
1502,2,3.72088731255565e-07
1503,2,3.72088731255565e-07
1504,1,1.86044365627783e-07
1505,3,5.58133096883348e-07
1506,1,1.86044365627783e-07
1507,2,3.72088731255565e-07
1508,3,5.58133096883348e-07
1509,3,5.58133096883348e-07
1510,1,1.86044365627783e-07
1511,2,3.72088731255565e-07
1512,1,1.86044365627783e-07
1513,2,3.72088731255565e-07
1514,1,1.86044365627783e-07
1515,2,3.72088731255565e-07
1516,1,1.86044365627783e-07
1517,3,5.58133096883348e-07
1518,2,3.72088731255565e-07
1519,2,3.72088731255565e-07
1520,1,1.86044365627783e-07
1522,3,5.58133096883348e-07
1523,2,3.72088731255565e-07
1524,2,3.72088731255565e-07
1525,1,1.86044365627783e-07
1526,1,1.86044365627783e-07
1527,2,3.72088731255565e-07
1528,2,3.72088731255565e-07
1529,3,5.58133096883348e-07
1530,4,7.4417746251113e-07
1531,1,1.86044365627783e-07
1532,2,3.72088731255565e-07
1533,2,3.72088731255565e-07
1534,1,1.86044365627783e-07
1535,2,3.72088731255565e-07
1536,1,1.86044365627783e-07
1537,2,3.72088731255565e-07
1538,1,1.86044365627783e-07
1540,1,1.86044365627783e-07
1541,1,1.86044365627783e-07
1542,4,7.4417746251113e-07
1543,1,1.86044365627783e-07
1544,4,7.4417746251113e-07
1545,3,5.58133096883348e-07
1546,3,5.58133096883348e-07
1548,4,7.4417746251113e-07
1550,2,3.72088731255565e-07
1551,1,1.86044365627783e-07
1552,2,3.72088731255565e-07
1553,2,3.72088731255565e-07
1555,3,5.58133096883348e-07
1556,1,1.86044365627783e-07
1558,2,3.72088731255565e-07
1559,1,1.86044365627783e-07
1561,2,3.72088731255565e-07
1562,1,1.86044365627783e-07
1563,3,5.58133096883348e-07
1567,2,3.72088731255565e-07
1568,2,3.72088731255565e-07
1570,1,1.86044365627783e-07
1571,1,1.86044365627783e-07
1572,2,3.72088731255565e-07
1573,1,1.86044365627783e-07
1574,2,3.72088731255565e-07
1575,2,3.72088731255565e-07
1578,2,3.72088731255565e-07
1580,3,5.58133096883348e-07
1581,1,1.86044365627783e-07
1582,3,5.58133096883348e-07
1583,3,5.58133096883348e-07
1584,3,5.58133096883348e-07
1586,4,7.4417746251113e-07
1587,2,3.72088731255565e-07
1591,1,1.86044365627783e-07
1592,3,5.58133096883348e-07
1593,1,1.86044365627783e-07
1595,2,3.72088731255565e-07
1596,5,9.30221828138913e-07
1597,1,1.86044365627783e-07
1598,2,3.72088731255565e-07
1599,1,1.86044365627783e-07
1601,6,1.1162661937667e-06
1602,1,1.86044365627783e-07
1603,2,3.72088731255565e-07
1605,1,1.86044365627783e-07
1606,1,1.86044365627783e-07
1607,1,1.86044365627783e-07
1608,1,1.86044365627783e-07
1609,1,1.86044365627783e-07
1610,2,3.72088731255565e-07
1611,3,5.58133096883348e-07
1613,2,3.72088731255565e-07
1614,1,1.86044365627783e-07
1615,1,1.86044365627783e-07
1616,1,1.86044365627783e-07
1618,2,3.72088731255565e-07
1619,3,5.58133096883348e-07
1622,1,1.86044365627783e-07
1623,1,1.86044365627783e-07
1624,2,3.72088731255565e-07
1625,2,3.72088731255565e-07
1626,5,9.30221828138913e-07
1628,2,3.72088731255565e-07
1629,2,3.72088731255565e-07
1630,3,5.58133096883348e-07
1631,2,3.72088731255565e-07
1634,1,1.86044365627783e-07
1636,2,3.72088731255565e-07
1638,1,1.86044365627783e-07
1639,2,3.72088731255565e-07
1640,3,5.58133096883348e-07
1641,1,1.86044365627783e-07
1642,2,3.72088731255565e-07
1643,2,3.72088731255565e-07
1645,2,3.72088731255565e-07
1646,2,3.72088731255565e-07
1647,1,1.86044365627783e-07
1648,1,1.86044365627783e-07
1649,2,3.72088731255565e-07
1654,2,3.72088731255565e-07
1655,2,3.72088731255565e-07
1656,1,1.86044365627783e-07
1657,2,3.72088731255565e-07
1658,1,1.86044365627783e-07
1660,1,1.86044365627783e-07
1661,1,1.86044365627783e-07
1662,2,3.72088731255565e-07
1663,1,1.86044365627783e-07
1665,1,1.86044365627783e-07
1666,2,3.72088731255565e-07
1667,2,3.72088731255565e-07
1668,2,3.72088731255565e-07
1669,3,5.58133096883348e-07
1670,1,1.86044365627783e-07
1671,3,5.58133096883348e-07
1672,1,1.86044365627783e-07
1673,1,1.86044365627783e-07
1674,1,1.86044365627783e-07
1675,2,3.72088731255565e-07
1680,1,1.86044365627783e-07
1682,1,1.86044365627783e-07
1683,2,3.72088731255565e-07
1685,1,1.86044365627783e-07
1686,1,1.86044365627783e-07
1688,3,5.58133096883348e-07
1689,3,5.58133096883348e-07
1691,1,1.86044365627783e-07
1692,1,1.86044365627783e-07
1693,3,5.58133096883348e-07
1694,3,5.58133096883348e-07
1695,2,3.72088731255565e-07
1696,1,1.86044365627783e-07
1697,3,5.58133096883348e-07
1701,3,5.58133096883348e-07
1702,1,1.86044365627783e-07
1703,4,7.4417746251113e-07
1704,4,7.4417746251113e-07
1707,1,1.86044365627783e-07
1708,1,1.86044365627783e-07
1710,1,1.86044365627783e-07
1711,2,3.72088731255565e-07
1712,1,1.86044365627783e-07
1713,3,5.58133096883348e-07
1714,2,3.72088731255565e-07
1716,2,3.72088731255565e-07
1717,1,1.86044365627783e-07
1718,1,1.86044365627783e-07
1719,1,1.86044365627783e-07
1720,3,5.58133096883348e-07
1721,2,3.72088731255565e-07
1722,2,3.72088731255565e-07
1724,1,1.86044365627783e-07
1726,2,3.72088731255565e-07
1727,1,1.86044365627783e-07
1728,2,3.72088731255565e-07
1729,1,1.86044365627783e-07
1732,1,1.86044365627783e-07
1733,1,1.86044365627783e-07
1734,3,5.58133096883348e-07
1735,3,5.58133096883348e-07
1736,1,1.86044365627783e-07
1737,2,3.72088731255565e-07
1738,1,1.86044365627783e-07
1739,2,3.72088731255565e-07
1740,3,5.58133096883348e-07
1741,1,1.86044365627783e-07
1743,1,1.86044365627783e-07
1744,2,3.72088731255565e-07
1745,4,7.4417746251113e-07
1746,3,5.58133096883348e-07
1747,1,1.86044365627783e-07
1748,2,3.72088731255565e-07
1749,1,1.86044365627783e-07
1750,2,3.72088731255565e-07
1751,1,1.86044365627783e-07
1752,1,1.86044365627783e-07
1753,2,3.72088731255565e-07
1754,1,1.86044365627783e-07
1755,4,7.4417746251113e-07
1757,1,1.86044365627783e-07
1759,1,1.86044365627783e-07
1760,1,1.86044365627783e-07
1763,2,3.72088731255565e-07
1765,1,1.86044365627783e-07
1767,1,1.86044365627783e-07
1768,5,9.30221828138913e-07
1769,3,5.58133096883348e-07
1770,2,3.72088731255565e-07
1771,1,1.86044365627783e-07
1772,2,3.72088731255565e-07
1773,1,1.86044365627783e-07
1775,2,3.72088731255565e-07
1780,1,1.86044365627783e-07
1781,2,3.72088731255565e-07
1785,1,1.86044365627783e-07
1786,1,1.86044365627783e-07
1787,2,3.72088731255565e-07
1789,2,3.72088731255565e-07
1790,2,3.72088731255565e-07
1795,1,1.86044365627783e-07
1797,1,1.86044365627783e-07
1798,1,1.86044365627783e-07
1799,1,1.86044365627783e-07
1800,3,5.58133096883348e-07
1801,1,1.86044365627783e-07
1804,3,5.58133096883348e-07
1805,3,5.58133096883348e-07
1807,2,3.72088731255565e-07
1808,1,1.86044365627783e-07
1809,5,9.30221828138913e-07
1810,1,1.86044365627783e-07
1811,1,1.86044365627783e-07
1812,2,3.72088731255565e-07
1813,1,1.86044365627783e-07
1814,2,3.72088731255565e-07
1816,2,3.72088731255565e-07
1817,1,1.86044365627783e-07
1819,3,5.58133096883348e-07
1821,2,3.72088731255565e-07
1822,2,3.72088731255565e-07
1824,2,3.72088731255565e-07
1827,1,1.86044365627783e-07
1830,3,5.58133096883348e-07
1832,1,1.86044365627783e-07
1833,1,1.86044365627783e-07
1834,1,1.86044365627783e-07
1836,1,1.86044365627783e-07
1837,2,3.72088731255565e-07
1838,1,1.86044365627783e-07
1842,1,1.86044365627783e-07
1844,1,1.86044365627783e-07
1845,2,3.72088731255565e-07
1846,1,1.86044365627783e-07
1848,2,3.72088731255565e-07
1850,2,3.72088731255565e-07
1851,2,3.72088731255565e-07
1852,3,5.58133096883348e-07
1856,1,1.86044365627783e-07
1862,2,3.72088731255565e-07
1864,1,1.86044365627783e-07
1865,1,1.86044365627783e-07
1868,2,3.72088731255565e-07
1870,3,5.58133096883348e-07
1871,1,1.86044365627783e-07
1873,1,1.86044365627783e-07
1874,1,1.86044365627783e-07
1875,2,3.72088731255565e-07
1876,1,1.86044365627783e-07
1878,1,1.86044365627783e-07
1879,2,3.72088731255565e-07
1880,3,5.58133096883348e-07
1881,1,1.86044365627783e-07
1882,1,1.86044365627783e-07
1883,1,1.86044365627783e-07
1884,1,1.86044365627783e-07
1885,3,5.58133096883348e-07
1886,2,3.72088731255565e-07
1887,2,3.72088731255565e-07
1888,2,3.72088731255565e-07
1889,1,1.86044365627783e-07
1891,1,1.86044365627783e-07
1893,1,1.86044365627783e-07
1894,1,1.86044365627783e-07
1896,1,1.86044365627783e-07
1897,2,3.72088731255565e-07
1898,1,1.86044365627783e-07
1901,1,1.86044365627783e-07
1902,5,9.30221828138913e-07
1904,3,5.58133096883348e-07
1905,2,3.72088731255565e-07
1906,1,1.86044365627783e-07
1907,1,1.86044365627783e-07
1908,2,3.72088731255565e-07
1911,2,3.72088731255565e-07
1913,3,5.58133096883348e-07
1921,1,1.86044365627783e-07
1922,1,1.86044365627783e-07
1923,2,3.72088731255565e-07
1926,1,1.86044365627783e-07
1927,2,3.72088731255565e-07
1929,1,1.86044365627783e-07
1930,2,3.72088731255565e-07
1932,2,3.72088731255565e-07
1933,2,3.72088731255565e-07
1934,2,3.72088731255565e-07
1935,1,1.86044365627783e-07
1936,1,1.86044365627783e-07
1938,1,1.86044365627783e-07
1941,3,5.58133096883348e-07
1942,1,1.86044365627783e-07
1944,3,5.58133096883348e-07
1945,3,5.58133096883348e-07
1946,1,1.86044365627783e-07
1947,1,1.86044365627783e-07
1949,1,1.86044365627783e-07
1951,2,3.72088731255565e-07
1952,1,1.86044365627783e-07
1953,2,3.72088731255565e-07
1955,2,3.72088731255565e-07
1959,2,3.72088731255565e-07
1960,1,1.86044365627783e-07
1963,3,5.58133096883348e-07
1964,1,1.86044365627783e-07
1965,2,3.72088731255565e-07
1966,3,5.58133096883348e-07
1968,1,1.86044365627783e-07
1972,1,1.86044365627783e-07
1975,1,1.86044365627783e-07
1976,2,3.72088731255565e-07
1977,1,1.86044365627783e-07
1981,1,1.86044365627783e-07
1984,1,1.86044365627783e-07
1985,1,1.86044365627783e-07
1987,3,5.58133096883348e-07
1990,4,7.4417746251113e-07
1992,1,1.86044365627783e-07
1993,2,3.72088731255565e-07
1995,1,1.86044365627783e-07
1997,1,1.86044365627783e-07
1998,2,3.72088731255565e-07
2000,1,1.86044365627783e-07
2003,1,1.86044365627783e-07
2005,1,1.86044365627783e-07
2006,1,1.86044365627783e-07
2008,1,1.86044365627783e-07
2010,1,1.86044365627783e-07
2014,2,3.72088731255565e-07
2015,1,1.86044365627783e-07
2016,1,1.86044365627783e-07
2017,1,1.86044365627783e-07
2018,2,3.72088731255565e-07
2022,1,1.86044365627783e-07
2023,1,1.86044365627783e-07
2024,1,1.86044365627783e-07
2025,1,1.86044365627783e-07
2026,1,1.86044365627783e-07
2028,1,1.86044365627783e-07
2029,5,9.30221828138913e-07
2031,1,1.86044365627783e-07
2032,1,1.86044365627783e-07
2033,3,5.58133096883348e-07
2035,1,1.86044365627783e-07
2038,2,3.72088731255565e-07
2040,1,1.86044365627783e-07
2041,2,3.72088731255565e-07
2042,1,1.86044365627783e-07
2044,2,3.72088731255565e-07
2045,1,1.86044365627783e-07
2046,1,1.86044365627783e-07
2047,1,1.86044365627783e-07
2048,2,3.72088731255565e-07
2049,3,5.58133096883348e-07
2050,1,1.86044365627783e-07
2051,2,3.72088731255565e-07
2053,2,3.72088731255565e-07
2055,2,3.72088731255565e-07
2056,1,1.86044365627783e-07
2062,2,3.72088731255565e-07
2063,1,1.86044365627783e-07
2064,1,1.86044365627783e-07
2066,1,1.86044365627783e-07
2069,2,3.72088731255565e-07
2071,1,1.86044365627783e-07
2072,1,1.86044365627783e-07
2074,4,7.4417746251113e-07
2075,2,3.72088731255565e-07
2077,1,1.86044365627783e-07
2078,1,1.86044365627783e-07
2080,1,1.86044365627783e-07
2082,2,3.72088731255565e-07
2083,1,1.86044365627783e-07
2084,2,3.72088731255565e-07
2086,2,3.72088731255565e-07
2088,1,1.86044365627783e-07
2089,2,3.72088731255565e-07
2094,1,1.86044365627783e-07
2095,2,3.72088731255565e-07
2099,1,1.86044365627783e-07
2100,1,1.86044365627783e-07
2101,1,1.86044365627783e-07
2102,1,1.86044365627783e-07
2104,3,5.58133096883348e-07
2105,1,1.86044365627783e-07
2107,1,1.86044365627783e-07
2109,2,3.72088731255565e-07
2111,1,1.86044365627783e-07
2112,4,7.4417746251113e-07
2113,1,1.86044365627783e-07
2119,2,3.72088731255565e-07
2122,1,1.86044365627783e-07
2125,1,1.86044365627783e-07
2126,2,3.72088731255565e-07
2127,1,1.86044365627783e-07
2128,3,5.58133096883348e-07
2130,1,1.86044365627783e-07
2132,1,1.86044365627783e-07
2133,1,1.86044365627783e-07
2134,1,1.86044365627783e-07
2136,1,1.86044365627783e-07
2138,1,1.86044365627783e-07
2139,1,1.86044365627783e-07
2141,2,3.72088731255565e-07
2145,1,1.86044365627783e-07
2150,1,1.86044365627783e-07
2155,2,3.72088731255565e-07
2156,1,1.86044365627783e-07
2163,1,1.86044365627783e-07
2167,1,1.86044365627783e-07
2169,1,1.86044365627783e-07
2171,1,1.86044365627783e-07
2172,2,3.72088731255565e-07
2173,1,1.86044365627783e-07
2174,1,1.86044365627783e-07
2175,1,1.86044365627783e-07
2176,3,5.58133096883348e-07
2180,2,3.72088731255565e-07
2181,1,1.86044365627783e-07
2187,1,1.86044365627783e-07
2188,1,1.86044365627783e-07
2191,1,1.86044365627783e-07
2194,2,3.72088731255565e-07
2196,1,1.86044365627783e-07
2197,1,1.86044365627783e-07
2199,1,1.86044365627783e-07
2209,1,1.86044365627783e-07
2210,1,1.86044365627783e-07
2213,1,1.86044365627783e-07
2214,1,1.86044365627783e-07
2216,1,1.86044365627783e-07
2222,2,3.72088731255565e-07
2224,1,1.86044365627783e-07
2227,2,3.72088731255565e-07
2228,1,1.86044365627783e-07
2231,3,5.58133096883348e-07
2234,1,1.86044365627783e-07
2235,1,1.86044365627783e-07
2239,1,1.86044365627783e-07
2240,1,1.86044365627783e-07
2243,1,1.86044365627783e-07
2245,1,1.86044365627783e-07
2248,2,3.72088731255565e-07
2251,1,1.86044365627783e-07
2252,1,1.86044365627783e-07
2253,1,1.86044365627783e-07
2254,1,1.86044365627783e-07
2256,1,1.86044365627783e-07
2259,1,1.86044365627783e-07
2263,3,5.58133096883348e-07
2265,2,3.72088731255565e-07
2268,1,1.86044365627783e-07
2269,3,5.58133096883348e-07
2277,1,1.86044365627783e-07
2280,1,1.86044365627783e-07
2282,2,3.72088731255565e-07
2283,2,3.72088731255565e-07
2284,1,1.86044365627783e-07
2285,2,3.72088731255565e-07
2292,1,1.86044365627783e-07
2294,1,1.86044365627783e-07
2295,1,1.86044365627783e-07
2298,2,3.72088731255565e-07
2300,1,1.86044365627783e-07
2303,1,1.86044365627783e-07
2304,1,1.86044365627783e-07
2305,1,1.86044365627783e-07
2310,1,1.86044365627783e-07
2315,1,1.86044365627783e-07
2317,1,1.86044365627783e-07
2320,1,1.86044365627783e-07
2323,1,1.86044365627783e-07
2324,1,1.86044365627783e-07
2325,1,1.86044365627783e-07
2329,1,1.86044365627783e-07
2330,1,1.86044365627783e-07
2332,1,1.86044365627783e-07
2333,1,1.86044365627783e-07
2335,1,1.86044365627783e-07
2336,1,1.86044365627783e-07
2337,2,3.72088731255565e-07
2338,1,1.86044365627783e-07
2339,1,1.86044365627783e-07
2342,1,1.86044365627783e-07
2343,1,1.86044365627783e-07
2344,1,1.86044365627783e-07
2345,2,3.72088731255565e-07
2346,1,1.86044365627783e-07
2353,2,3.72088731255565e-07
2354,1,1.86044365627783e-07
2356,1,1.86044365627783e-07
2357,1,1.86044365627783e-07
2358,2,3.72088731255565e-07
2360,1,1.86044365627783e-07
2361,1,1.86044365627783e-07
2366,1,1.86044365627783e-07
2367,1,1.86044365627783e-07
2370,1,1.86044365627783e-07
2373,1,1.86044365627783e-07
2375,1,1.86044365627783e-07
2377,1,1.86044365627783e-07
2382,2,3.72088731255565e-07
2383,3,5.58133096883348e-07
2387,1,1.86044365627783e-07
2388,2,3.72088731255565e-07
2391,1,1.86044365627783e-07
2392,2,3.72088731255565e-07
2394,1,1.86044365627783e-07
2395,1,1.86044365627783e-07
2400,1,1.86044365627783e-07
2407,1,1.86044365627783e-07
2408,1,1.86044365627783e-07
2410,1,1.86044365627783e-07
2412,1,1.86044365627783e-07
2414,1,1.86044365627783e-07
2415,1,1.86044365627783e-07
2417,1,1.86044365627783e-07
2419,2,3.72088731255565e-07
2426,1,1.86044365627783e-07
2427,1,1.86044365627783e-07
2430,1,1.86044365627783e-07
2432,3,5.58133096883348e-07
2433,3,5.58133096883348e-07
2434,1,1.86044365627783e-07
2436,1,1.86044365627783e-07
2437,1,1.86044365627783e-07
2441,1,1.86044365627783e-07
2444,1,1.86044365627783e-07
2447,1,1.86044365627783e-07
2449,1,1.86044365627783e-07
2452,1,1.86044365627783e-07
2454,2,3.72088731255565e-07
2455,1,1.86044365627783e-07
2457,1,1.86044365627783e-07
2458,1,1.86044365627783e-07
2460,1,1.86044365627783e-07
2462,1,1.86044365627783e-07
2465,1,1.86044365627783e-07
2469,2,3.72088731255565e-07
2471,1,1.86044365627783e-07
2473,1,1.86044365627783e-07
2475,2,3.72088731255565e-07
2480,1,1.86044365627783e-07
2487,1,1.86044365627783e-07
2489,1,1.86044365627783e-07
2490,2,3.72088731255565e-07
2492,1,1.86044365627783e-07
2493,1,1.86044365627783e-07
2494,1,1.86044365627783e-07
2497,1,1.86044365627783e-07
2504,1,1.86044365627783e-07
2507,1,1.86044365627783e-07
2508,1,1.86044365627783e-07
2510,1,1.86044365627783e-07
2514,2,3.72088731255565e-07
2515,1,1.86044365627783e-07
2516,1,1.86044365627783e-07
2519,2,3.72088731255565e-07
2520,1,1.86044365627783e-07
2524,1,1.86044365627783e-07
2525,1,1.86044365627783e-07
2530,1,1.86044365627783e-07
2538,1,1.86044365627783e-07
2541,1,1.86044365627783e-07
2542,2,3.72088731255565e-07
2543,1,1.86044365627783e-07
2549,1,1.86044365627783e-07
2550,1,1.86044365627783e-07
2551,1,1.86044365627783e-07
2553,2,3.72088731255565e-07
2554,1,1.86044365627783e-07
2557,1,1.86044365627783e-07
2558,1,1.86044365627783e-07
2560,1,1.86044365627783e-07
2567,1,1.86044365627783e-07
2568,1,1.86044365627783e-07
2570,1,1.86044365627783e-07
2576,1,1.86044365627783e-07
2578,1,1.86044365627783e-07
2583,1,1.86044365627783e-07
2589,1,1.86044365627783e-07
2593,1,1.86044365627783e-07
2595,1,1.86044365627783e-07
2597,1,1.86044365627783e-07
2600,1,1.86044365627783e-07
2603,1,1.86044365627783e-07
2605,2,3.72088731255565e-07
2607,1,1.86044365627783e-07
2609,1,1.86044365627783e-07
2610,1,1.86044365627783e-07
2612,1,1.86044365627783e-07
2613,1,1.86044365627783e-07
2616,1,1.86044365627783e-07
2623,2,3.72088731255565e-07
2627,1,1.86044365627783e-07
2628,1,1.86044365627783e-07
2631,2,3.72088731255565e-07
2632,1,1.86044365627783e-07
2634,3,5.58133096883348e-07
2639,2,3.72088731255565e-07
2641,1,1.86044365627783e-07
2645,1,1.86044365627783e-07
2646,1,1.86044365627783e-07
2647,1,1.86044365627783e-07
2649,1,1.86044365627783e-07
2650,1,1.86044365627783e-07
2651,1,1.86044365627783e-07
2655,1,1.86044365627783e-07
2656,1,1.86044365627783e-07
2660,1,1.86044365627783e-07
2661,2,3.72088731255565e-07
2666,1,1.86044365627783e-07
2667,1,1.86044365627783e-07
2681,1,1.86044365627783e-07
2684,2,3.72088731255565e-07
2691,1,1.86044365627783e-07
2692,1,1.86044365627783e-07
2693,1,1.86044365627783e-07
2695,1,1.86044365627783e-07
2697,1,1.86044365627783e-07
2711,2,3.72088731255565e-07
2712,1,1.86044365627783e-07
2713,1,1.86044365627783e-07
2714,1,1.86044365627783e-07
2716,1,1.86044365627783e-07
2719,1,1.86044365627783e-07
2721,2,3.72088731255565e-07
2722,1,1.86044365627783e-07
2725,1,1.86044365627783e-07
2730,1,1.86044365627783e-07
2736,2,3.72088731255565e-07
2737,1,1.86044365627783e-07
2744,1,1.86044365627783e-07
2746,1,1.86044365627783e-07
2748,1,1.86044365627783e-07
2758,1,1.86044365627783e-07
2759,1,1.86044365627783e-07
2760,2,3.72088731255565e-07
2763,1,1.86044365627783e-07
2769,1,1.86044365627783e-07
2771,1,1.86044365627783e-07
2772,1,1.86044365627783e-07
2774,1,1.86044365627783e-07
2775,2,3.72088731255565e-07
2776,1,1.86044365627783e-07
2777,1,1.86044365627783e-07
2778,1,1.86044365627783e-07
2787,2,3.72088731255565e-07
2790,1,1.86044365627783e-07
2792,1,1.86044365627783e-07
2795,1,1.86044365627783e-07
2800,1,1.86044365627783e-07
2802,1,1.86044365627783e-07
2804,1,1.86044365627783e-07
2805,2,3.72088731255565e-07
2806,1,1.86044365627783e-07
2807,3,5.58133096883348e-07
2809,1,1.86044365627783e-07
2815,1,1.86044365627783e-07
2816,1,1.86044365627783e-07
2820,1,1.86044365627783e-07
2823,1,1.86044365627783e-07
2824,1,1.86044365627783e-07
2826,1,1.86044365627783e-07
2830,1,1.86044365627783e-07
2833,1,1.86044365627783e-07
2835,2,3.72088731255565e-07
2839,2,3.72088731255565e-07
2840,1,1.86044365627783e-07
2842,1,1.86044365627783e-07
2844,1,1.86044365627783e-07
2848,1,1.86044365627783e-07
2857,1,1.86044365627783e-07
2862,1,1.86044365627783e-07
2864,2,3.72088731255565e-07
2870,1,1.86044365627783e-07
2881,1,1.86044365627783e-07
2883,1,1.86044365627783e-07
2887,1,1.86044365627783e-07
2888,1,1.86044365627783e-07
2889,1,1.86044365627783e-07
2890,1,1.86044365627783e-07
2892,2,3.72088731255565e-07
2894,1,1.86044365627783e-07
2895,1,1.86044365627783e-07
2901,2,3.72088731255565e-07
2903,1,1.86044365627783e-07
2904,1,1.86044365627783e-07
2906,1,1.86044365627783e-07
2908,1,1.86044365627783e-07
2911,1,1.86044365627783e-07
2912,1,1.86044365627783e-07
2924,2,3.72088731255565e-07
2925,1,1.86044365627783e-07
2929,1,1.86044365627783e-07
2930,1,1.86044365627783e-07
2933,1,1.86044365627783e-07
2936,1,1.86044365627783e-07
2938,1,1.86044365627783e-07
2945,1,1.86044365627783e-07
2949,1,1.86044365627783e-07
2951,1,1.86044365627783e-07
2952,1,1.86044365627783e-07
2953,1,1.86044365627783e-07
2961,1,1.86044365627783e-07
2967,1,1.86044365627783e-07
2970,1,1.86044365627783e-07
2973,1,1.86044365627783e-07
2975,1,1.86044365627783e-07
2977,2,3.72088731255565e-07
2984,1,1.86044365627783e-07
2987,1,1.86044365627783e-07
2988,1,1.86044365627783e-07
2993,1,1.86044365627783e-07
2999,1,1.86044365627783e-07
3000,1,1.86044365627783e-07
3002,1,1.86044365627783e-07
3003,1,1.86044365627783e-07
3007,1,1.86044365627783e-07
3013,1,1.86044365627783e-07
3014,2,3.72088731255565e-07
3019,2,3.72088731255565e-07
3026,1,1.86044365627783e-07
3027,2,3.72088731255565e-07
3031,1,1.86044365627783e-07
3034,1,1.86044365627783e-07
3037,1,1.86044365627783e-07
3044,1,1.86044365627783e-07
3053,1,1.86044365627783e-07
3055,1,1.86044365627783e-07
3057,1,1.86044365627783e-07
3058,1,1.86044365627783e-07
3071,1,1.86044365627783e-07
3073,1,1.86044365627783e-07
3075,1,1.86044365627783e-07
3084,1,1.86044365627783e-07
3090,1,1.86044365627783e-07
3095,1,1.86044365627783e-07
3109,2,3.72088731255565e-07
3110,1,1.86044365627783e-07
3112,1,1.86044365627783e-07
3117,1,1.86044365627783e-07
3127,1,1.86044365627783e-07
3129,1,1.86044365627783e-07
3131,1,1.86044365627783e-07
3135,2,3.72088731255565e-07
3141,1,1.86044365627783e-07
3142,1,1.86044365627783e-07
3146,2,3.72088731255565e-07
3148,1,1.86044365627783e-07
3152,1,1.86044365627783e-07
3157,2,3.72088731255565e-07
3163,1,1.86044365627783e-07
3170,1,1.86044365627783e-07
3171,1,1.86044365627783e-07
3175,1,1.86044365627783e-07
3178,1,1.86044365627783e-07
3179,1,1.86044365627783e-07
3180,1,1.86044365627783e-07
3181,1,1.86044365627783e-07
3188,1,1.86044365627783e-07
3200,1,1.86044365627783e-07
3205,1,1.86044365627783e-07
3208,1,1.86044365627783e-07
3214,1,1.86044365627783e-07
3216,1,1.86044365627783e-07
3225,1,1.86044365627783e-07
3233,1,1.86044365627783e-07
3234,1,1.86044365627783e-07
3237,1,1.86044365627783e-07
3243,1,1.86044365627783e-07
3250,1,1.86044365627783e-07
3252,1,1.86044365627783e-07
3279,1,1.86044365627783e-07
3285,1,1.86044365627783e-07
3289,1,1.86044365627783e-07
3290,2,3.72088731255565e-07
3292,1,1.86044365627783e-07
3295,1,1.86044365627783e-07
3297,1,1.86044365627783e-07
3315,1,1.86044365627783e-07
3316,1,1.86044365627783e-07
3332,1,1.86044365627783e-07
3354,1,1.86044365627783e-07
3359,2,3.72088731255565e-07
3373,1,1.86044365627783e-07
3377,1,1.86044365627783e-07
3378,1,1.86044365627783e-07
3391,1,1.86044365627783e-07
3394,1,1.86044365627783e-07
3401,1,1.86044365627783e-07
3423,1,1.86044365627783e-07
3429,1,1.86044365627783e-07
3432,1,1.86044365627783e-07
3436,1,1.86044365627783e-07
3439,1,1.86044365627783e-07
3444,1,1.86044365627783e-07
3449,1,1.86044365627783e-07
3459,1,1.86044365627783e-07
3469,1,1.86044365627783e-07
3474,1,1.86044365627783e-07
3480,1,1.86044365627783e-07
3486,1,1.86044365627783e-07
3489,1,1.86044365627783e-07
3499,1,1.86044365627783e-07
3501,1,1.86044365627783e-07
3507,1,1.86044365627783e-07
3508,1,1.86044365627783e-07
3524,1,1.86044365627783e-07
3526,2,3.72088731255565e-07
3530,2,3.72088731255565e-07
3537,1,1.86044365627783e-07
3551,1,1.86044365627783e-07
3555,1,1.86044365627783e-07
3567,1,1.86044365627783e-07
3571,1,1.86044365627783e-07
3586,1,1.86044365627783e-07
3588,1,1.86044365627783e-07
3593,2,3.72088731255565e-07
3595,1,1.86044365627783e-07
3612,1,1.86044365627783e-07
3617,1,1.86044365627783e-07
3624,1,1.86044365627783e-07
3627,1,1.86044365627783e-07
3629,1,1.86044365627783e-07
3638,1,1.86044365627783e-07
3642,1,1.86044365627783e-07
3661,1,1.86044365627783e-07
3666,1,1.86044365627783e-07
3677,1,1.86044365627783e-07
3681,1,1.86044365627783e-07
3683,1,1.86044365627783e-07
3685,1,1.86044365627783e-07
3686,1,1.86044365627783e-07
3707,1,1.86044365627783e-07
3717,1,1.86044365627783e-07
3721,1,1.86044365627783e-07
3722,1,1.86044365627783e-07
3725,1,1.86044365627783e-07
3726,1,1.86044365627783e-07
3728,1,1.86044365627783e-07
3732,1,1.86044365627783e-07
3761,1,1.86044365627783e-07
3762,1,1.86044365627783e-07
3775,1,1.86044365627783e-07
3782,2,3.72088731255565e-07
3786,1,1.86044365627783e-07
3797,1,1.86044365627783e-07
3804,1,1.86044365627783e-07
3823,1,1.86044365627783e-07
3826,1,1.86044365627783e-07
3827,1,1.86044365627783e-07
3832,1,1.86044365627783e-07
3837,1,1.86044365627783e-07
3839,1,1.86044365627783e-07
3840,1,1.86044365627783e-07
3845,1,1.86044365627783e-07
3862,1,1.86044365627783e-07
3863,1,1.86044365627783e-07
3878,1,1.86044365627783e-07
3880,2,3.72088731255565e-07
3886,1,1.86044365627783e-07
3901,1,1.86044365627783e-07
3902,1,1.86044365627783e-07
3906,1,1.86044365627783e-07
3908,1,1.86044365627783e-07
3913,1,1.86044365627783e-07
3924,1,1.86044365627783e-07
3926,1,1.86044365627783e-07
3930,1,1.86044365627783e-07
3949,1,1.86044365627783e-07
3951,2,3.72088731255565e-07
3952,1,1.86044365627783e-07
3958,1,1.86044365627783e-07
3962,1,1.86044365627783e-07
3967,1,1.86044365627783e-07
3978,1,1.86044365627783e-07
3989,1,1.86044365627783e-07
3990,1,1.86044365627783e-07
3995,1,1.86044365627783e-07
4003,1,1.86044365627783e-07
4015,2,3.72088731255565e-07
4026,1,1.86044365627783e-07
4027,1,1.86044365627783e-07
4029,1,1.86044365627783e-07
4047,2,3.72088731255565e-07
4048,1,1.86044365627783e-07
4051,1,1.86044365627783e-07
4053,1,1.86044365627783e-07
4076,1,1.86044365627783e-07
4082,2,3.72088731255565e-07
4088,1,1.86044365627783e-07
4092,1,1.86044365627783e-07
4108,1,1.86044365627783e-07
4112,1,1.86044365627783e-07
4115,1,1.86044365627783e-07
4135,1,1.86044365627783e-07
4139,1,1.86044365627783e-07
4149,1,1.86044365627783e-07
4150,1,1.86044365627783e-07
4154,1,1.86044365627783e-07
4165,1,1.86044365627783e-07
4178,1,1.86044365627783e-07
4179,1,1.86044365627783e-07
4181,1,1.86044365627783e-07
4183,1,1.86044365627783e-07
4189,1,1.86044365627783e-07
4197,1,1.86044365627783e-07
4199,1,1.86044365627783e-07
4202,1,1.86044365627783e-07
4222,1,1.86044365627783e-07
4233,1,1.86044365627783e-07
4246,1,1.86044365627783e-07
4247,1,1.86044365627783e-07
4266,1,1.86044365627783e-07
4270,1,1.86044365627783e-07
4277,1,1.86044365627783e-07
4295,1,1.86044365627783e-07
4313,1,1.86044365627783e-07
4355,1,1.86044365627783e-07
4357,1,1.86044365627783e-07
4369,1,1.86044365627783e-07
4381,1,1.86044365627783e-07
4386,1,1.86044365627783e-07
4397,1,1.86044365627783e-07
4405,1,1.86044365627783e-07
4406,1,1.86044365627783e-07
4415,1,1.86044365627783e-07
4420,1,1.86044365627783e-07
4425,1,1.86044365627783e-07
4433,1,1.86044365627783e-07
4457,1,1.86044365627783e-07
4461,1,1.86044365627783e-07
4473,1,1.86044365627783e-07
4477,1,1.86044365627783e-07
4507,1,1.86044365627783e-07
4515,1,1.86044365627783e-07
4522,1,1.86044365627783e-07
4528,1,1.86044365627783e-07
4534,1,1.86044365627783e-07
4535,1,1.86044365627783e-07
4560,1,1.86044365627783e-07
4564,1,1.86044365627783e-07
4583,1,1.86044365627783e-07
4591,1,1.86044365627783e-07
4594,1,1.86044365627783e-07
4599,1,1.86044365627783e-07
4602,1,1.86044365627783e-07
4611,2,3.72088731255565e-07
4612,1,1.86044365627783e-07
4614,1,1.86044365627783e-07
4618,1,1.86044365627783e-07
4619,1,1.86044365627783e-07
4629,1,1.86044365627783e-07
4631,1,1.86044365627783e-07
4635,1,1.86044365627783e-07
4641,1,1.86044365627783e-07
4643,1,1.86044365627783e-07
4646,1,1.86044365627783e-07
4650,1,1.86044365627783e-07
4653,1,1.86044365627783e-07
4660,1,1.86044365627783e-07
4666,1,1.86044365627783e-07
4670,2,3.72088731255565e-07
4682,2,3.72088731255565e-07
4693,1,1.86044365627783e-07
4700,1,1.86044365627783e-07
4715,1,1.86044365627783e-07
4753,1,1.86044365627783e-07
4764,1,1.86044365627783e-07
4766,1,1.86044365627783e-07
4778,1,1.86044365627783e-07
4789,1,1.86044365627783e-07
4804,1,1.86044365627783e-07
4812,1,1.86044365627783e-07
4815,1,1.86044365627783e-07
4828,1,1.86044365627783e-07
4834,1,1.86044365627783e-07
4837,1,1.86044365627783e-07
4880,1,1.86044365627783e-07
4883,1,1.86044365627783e-07
4902,1,1.86044365627783e-07
4911,1,1.86044365627783e-07
4925,1,1.86044365627783e-07
4945,1,1.86044365627783e-07
4953,1,1.86044365627783e-07
4959,1,1.86044365627783e-07
4967,1,1.86044365627783e-07
4994,1,1.86044365627783e-07
4995,1,1.86044365627783e-07
5012,1,1.86044365627783e-07
5024,1,1.86044365627783e-07
5028,1,1.86044365627783e-07
5052,1,1.86044365627783e-07
5060,1,1.86044365627783e-07
5073,1,1.86044365627783e-07
5082,1,1.86044365627783e-07
5084,1,1.86044365627783e-07
5105,1,1.86044365627783e-07
5158,1,1.86044365627783e-07
5162,1,1.86044365627783e-07
5170,1,1.86044365627783e-07
5183,1,1.86044365627783e-07
5185,1,1.86044365627783e-07
5187,1,1.86044365627783e-07
5197,1,1.86044365627783e-07
5222,2,3.72088731255565e-07
5238,1,1.86044365627783e-07
5240,1,1.86044365627783e-07
5243,1,1.86044365627783e-07
5249,1,1.86044365627783e-07
5252,1,1.86044365627783e-07
5253,1,1.86044365627783e-07
5266,1,1.86044365627783e-07
5267,1,1.86044365627783e-07
5280,1,1.86044365627783e-07
5288,1,1.86044365627783e-07
5300,1,1.86044365627783e-07
5306,1,1.86044365627783e-07
5313,1,1.86044365627783e-07
5316,1,1.86044365627783e-07
5326,1,1.86044365627783e-07
5350,1,1.86044365627783e-07
5363,1,1.86044365627783e-07
5373,1,1.86044365627783e-07
5383,2,3.72088731255565e-07
5414,1,1.86044365627783e-07
5417,1,1.86044365627783e-07
5450,1,1.86044365627783e-07
5454,1,1.86044365627783e-07
5458,1,1.86044365627783e-07
5464,1,1.86044365627783e-07
5471,1,1.86044365627783e-07
5522,1,1.86044365627783e-07
5528,1,1.86044365627783e-07
5536,1,1.86044365627783e-07
5561,1,1.86044365627783e-07
5571,1,1.86044365627783e-07
5593,1,1.86044365627783e-07
5600,1,1.86044365627783e-07
5617,1,1.86044365627783e-07
5632,1,1.86044365627783e-07
5648,2,3.72088731255565e-07
5650,1,1.86044365627783e-07
5651,1,1.86044365627783e-07
5656,1,1.86044365627783e-07
5679,1,1.86044365627783e-07
5685,1,1.86044365627783e-07
5690,1,1.86044365627783e-07
5694,1,1.86044365627783e-07
5697,1,1.86044365627783e-07
5701,1,1.86044365627783e-07
5703,1,1.86044365627783e-07
5735,1,1.86044365627783e-07
5736,1,1.86044365627783e-07
5783,1,1.86044365627783e-07
5859,1,1.86044365627783e-07
5869,1,1.86044365627783e-07
5894,1,1.86044365627783e-07
5924,1,1.86044365627783e-07
5944,1,1.86044365627783e-07
5988,1,1.86044365627783e-07
6009,1,1.86044365627783e-07
6028,1,1.86044365627783e-07
6031,1,1.86044365627783e-07
6056,1,1.86044365627783e-07
6063,1,1.86044365627783e-07
6088,1,1.86044365627783e-07
6145,1,1.86044365627783e-07
6146,1,1.86044365627783e-07
6242,1,1.86044365627783e-07
6262,1,1.86044365627783e-07
6274,1,1.86044365627783e-07
6275,1,1.86044365627783e-07
6280,1,1.86044365627783e-07
6313,1,1.86044365627783e-07
6332,1,1.86044365627783e-07
6336,1,1.86044365627783e-07
6367,1,1.86044365627783e-07
6378,1,1.86044365627783e-07
6381,1,1.86044365627783e-07
6391,1,1.86044365627783e-07
6425,1,1.86044365627783e-07
6426,1,1.86044365627783e-07
6457,1,1.86044365627783e-07
6465,1,1.86044365627783e-07
6499,1,1.86044365627783e-07
6506,1,1.86044365627783e-07
6519,1,1.86044365627783e-07
6522,1,1.86044365627783e-07
6546,1,1.86044365627783e-07
6575,1,1.86044365627783e-07
6592,1,1.86044365627783e-07
6608,1,1.86044365627783e-07
6627,1,1.86044365627783e-07
6630,1,1.86044365627783e-07
6648,1,1.86044365627783e-07
6712,1,1.86044365627783e-07
6740,1,1.86044365627783e-07
6767,1,1.86044365627783e-07
6775,1,1.86044365627783e-07
6777,1,1.86044365627783e-07
6792,1,1.86044365627783e-07
6838,1,1.86044365627783e-07
6860,1,1.86044365627783e-07
6878,1,1.86044365627783e-07
6919,1,1.86044365627783e-07
6928,1,1.86044365627783e-07
6959,1,1.86044365627783e-07
7054,1,1.86044365627783e-07
7074,1,1.86044365627783e-07
7191,1,1.86044365627783e-07
7208,1,1.86044365627783e-07
7224,1,1.86044365627783e-07
7323,1,1.86044365627783e-07
7342,1,1.86044365627783e-07
7370,1,1.86044365627783e-07
7392,1,1.86044365627783e-07
7450,1,1.86044365627783e-07
7521,1,1.86044365627783e-07
7538,1,1.86044365627783e-07
7609,1,1.86044365627783e-07
7610,1,1.86044365627783e-07
7709,1,1.86044365627783e-07
7765,1,1.86044365627783e-07
7770,1,1.86044365627783e-07
7818,1,1.86044365627783e-07
7852,1,1.86044365627783e-07
7881,1,1.86044365627783e-07
7886,1,1.86044365627783e-07
7911,1,1.86044365627783e-07
7956,1,1.86044365627783e-07
7972,1,1.86044365627783e-07
7990,1,1.86044365627783e-07
8006,1,1.86044365627783e-07
8010,1,1.86044365627783e-07
8052,1,1.86044365627783e-07
8096,1,1.86044365627783e-07
8190,1,1.86044365627783e-07
8242,1,1.86044365627783e-07
8300,1,1.86044365627783e-07
8303,1,1.86044365627783e-07
8316,1,1.86044365627783e-07
8440,1,1.86044365627783e-07
8447,1,1.86044365627783e-07
8451,1,1.86044365627783e-07
8489,1,1.86044365627783e-07
8773,1,1.86044365627783e-07
8851,1,1.86044365627783e-07
8910,1,1.86044365627783e-07
8916,1,1.86044365627783e-07
8951,1,1.86044365627783e-07
8959,1,1.86044365627783e-07
9091,1,1.86044365627783e-07
9102,1,1.86044365627783e-07
9175,1,1.86044365627783e-07
9246,1,1.86044365627783e-07
9266,1,1.86044365627783e-07
9340,1,1.86044365627783e-07
9500,1,1.86044365627783e-07
9510,1,1.86044365627783e-07
9718,1,1.86044365627783e-07
9796,1,1.86044365627783e-07
10150,1,1.86044365627783e-07
10289,1,1.86044365627783e-07
10333,1,1.86044365627783e-07
10738,1,1.86044365627783e-07
10758,1,1.86044365627783e-07
10841,1,1.86044365627783e-07
11007,1,1.86044365627783e-07
11103,1,1.86044365627783e-07
11337,1,1.86044365627783e-07
11893,1,1.86044365627783e-07
11931,1,1.86044365627783e-07
12083,1,1.86044365627783e-07
12327,1,1.86044365627783e-07
12468,1,1.86044365627783e-07
12759,1,1.86044365627783e-07
12884,1,1.86044365627783e-07
12952,1,1.86044365627783e-07
13853,1,1.86044365627783e-07
14381,1,1.86044365627783e-07
15253,1,1.86044365627783e-07
15640,1,1.86044365627783e-07
15796,1,1.86044365627783e-07
16071,1,1.86044365627783e-07
16187,1,1.86044365627783e-07
16558,1,1.86044365627783e-07
17148,1,1.86044365627783e-07
17738,1,1.86044365627783e-07
17848,1,1.86044365627783e-07
18750,1,1.86044365627783e-07
20126,1,1.86044365627783e-07
20280,1,1.86044365627783e-07
21978,1,1.86044365627783e-07
22555,1,1.86044365627783e-07
24651,1,1.86044365627783e-07
25172,1,1.86044365627783e-07
26276,1,1.86044365627783e-07
26750,1,1.86044365627783e-07
29859,1,1.86044365627783e-07
30336,1,1.86044365627783e-07
31073,1,1.86044365627783e-07
34969,1,1.86044365627783e-07
36438,1,1.86044365627783e-07
37068,1,1.86044365627783e-07
37786,1,1.86044365627783e-07
38411,1,1.86044365627783e-07
39553,1,1.86044365627783e-07
47788,1,1.86044365627783e-07
52489,1,1.86044365627783e-07
52949,1,1.86044365627783e-07
55648,1,1.86044365627783e-07
56395,1,1.86044365627783e-07
67531,1,1.86044365627783e-07
